RT (min),m/z,DT (ms),CCS (Å^2),Peak Intensity,MS Level,Sigma_rt
1.72,248.9709,13.07,100.26,796397.0,1,35.68301555737241
1.33,248.9713,13.06,100.15,936026.0,1,56.181308451222165
2.62,484.8981,11.42,85.48,556552.0,1,17.856694744386868
0.9,248.972,13.11,100.56,346425.0,1,33.05935332261702
1.95,248.9706,13.04,100.05,821257.0,1,53.9908749999975
1.07,315.7935,15.2,115.27,40120.0,1,56.272499999999994
0.89,337.9004,15.28,115.57,3199.0,1,46.53702126646975
1.64,240.4952,16.24,124.7,12822.0,1,75.451500000009
0.82,240.8709,16.37,125.61,124644.0,1,39.35464844279419
0.82,260.2334,16.64,127.24,33153.0,1,0.8257620511836496
2.25,506.9752,22.57,168.28,1254896.0,1,1.1758138315026112
2.2,211.385,26.07,201.22,363672.0,1,-0.4158169726983408
2.25,447.0487,22.25,166.42,144186.0,1,0.5814031930277828
2.28,665.127,26.68,197.53,361465.0,1,0.6590727008078346
2.45,231.6574,12.13,93.41,68676.0,1,1.7264193298522552
5.33,248.9665,12.7,97.41,3945.0,1,145.69657097675324
0.57,248.9713,13.06,100.21,1071826.0,1,10.394715527387959
1.89,265.5919,15.28,116.75,35094.0,1,112.48803852942866
1.71,220.1586,16.66,128.47,70291.0,1,93.18230817459511
1.82,432.191,33.96,254.02,5957.0,1,74.302600000008
2.52,509.1762,37.14,276.49,3772.0,1,82.3692927885083
1.21,428.3821,5.41,40.88,5332.0,1,49.00870584148059
0.66,248.9706,13.01,99.79,71570.0,1,14.715171869581493
2.2,248.9725,13.06,100.16,1912007.0,1,56.14075335139007
4.35,248.9707,13.06,100.14,1318205.0,1,101.95561858153003
0.69,337.9004,15.59,117.89,457.0,1,55.229970860291715
0.88,301.9411,17.23,130.81,18718.0,1,-2.143705243914054
2.64,506.9309,22.81,170.06,2429832.0,1,0.6874817872971021
2.68,417.0424,34.95,261.69,26713.0,1,27.026499999996
2.04,742.4623,37.72,278.5,3310.0,1,70.19950000002001
1.09,337.9004,15.16,114.63,1414.0,1,20.630639199532816
1.35,312.9468,17.33,131.42,197606.0,1,-1.1377770990105824
0.62,211.5411,29.42,227.02,3361.0,1,14.01554358316958
1.9,418.5761,35.8,268.07,2617.0,1,74.33839354847737
1.43,494.6736,41.29,307.57,3041.0,1,38.968700000007004
2.0,844.6531,40.31,296.94,4188.0,1,55.038449999991
2.0,237.4754,13.05,100.33,220650.0,1,17.55076344981152
1.53,247.2904,12.99,99.66,132730.0,1,36.75050368278283
1.38,354.7417,16.91,127.55,57425.0,1,2.3711499827031726
1.01,222.9107,17.25,132.92,1130.0,1,25.110304880854912
2.27,248.9702,12.93,99.22,140305.0,1,31.53712844219162
0.55,248.9706,13.06,100.15,256051.0,1,8.322592722926007
2.92,248.9732,13.05,100.08,4294362.0,1,36.068925620323775
0.62,240.8709,16.42,126.04,6410.0,1,32.6805
0.52,215.8184,25.15,193.96,1081.0,1,13.501800000008998
0.85,301.9204,17.57,133.39,24016.0,1,1.35454301932611
0.67,328.9742,30.48,230.21,817.0,1,4.285033203166811
0.7,328.9805,28.46,214.98,1243.0,1,0.4814999999909979
0.6,248.9831,13.15,100.88,68295.0,1,9.92313940601409
3.61,337.9004,15.3,115.72,19782.0,1,117.63580104824483
0.58,226.3071,16.61,127.93,1002.0,1,12.31999999998
0.59,240.8656,16.36,125.58,800.0,1,0.0
1.96,337.9004,15.32,115.82,26255.0,1,64.1253
0.78,240.0561,16.05,123.23,819.0,1,6.577784619415919
0.92,248.9391,12.85,98.6,18851.0,1,27.934313233246247
0.85,248.9775,12.7,97.41,5208.0,1,30.128800000002002
0.53,337.5082,15.34,116.01,1714.0,1,5.0950850325920385
0.68,262.4445,16.18,123.68,9595.0,1,2.8757961805700916
0.81,384.4738,24.86,186.83,11155.0,1,26.790499999979993
1.29,316.9155,31.25,236.4,614.0,1,32.70500000001
0.74,201.7856,2.99,23.64,232.0,1,13.9833
0.51,222.9973,14.85,114.53,134.0,1,0.48194999999999943
0.6,241.7285,29.75,227.85,306.0,1,3.860100000009
0.6,312.4014,30.46,230.54,184.0,1,3.860100000009
0.53,200.9948,15.17,117.68,3558.0,1,0.5399999999999991
0.53,267.9919,30.6,233.22,116.0,1,0.4859999999999989
0.52,267.9919,32.48,247.46,69.0,1,0.0
0.68,284.8886,4.43,34.12,100.0,1,4.819049999990998
0.54,267.9862,36.23,276.03,66.0,1,0.0
0.55,200.9997,14.94,115.93,175.0,1,0.0
1.09,337.9004,15.39,116.41,1286.0,1,30.9600000000075
0.62,240.8709,16.05,123.21,92.0,1,4.337099999990997
3.36,337.9004,14.97,113.24,1847.0,1,166.419706466338
0.98,240.8691,16.4,125.88,3662.0,1,16.60850000001
0.6,741.2918,31.48,232.54,195.0,1,1.9829700267549013
0.61,266.4591,14.93,114.06,57.0,1,0.0
0.66,329.012,0.36,3.22,170.0,1,0.48149999999100146
0.66,329.012,0.48,4.12,170.0,1,0.48149999999100146
0.66,329.012,0.6,5.02,170.0,1,0.48149999999100146
0.68,328.9931,4.31,33.01,548.0,1,1.2896844377293075
0.67,328.9931,4.43,33.91,469.0,1,0.9634499999910027
0.64,328.9805,14.91,112.91,102.0,1,0.0
0.67,328.9787,33.21,250.81,3062.0,1,1.7530563037286353
0.66,328.9742,32.04,242.0,3111.0,1,0.5349999999899993
0.68,328.9805,33.8,255.28,1216.0,1,1.1349033638644859
0.68,328.9742,34.18,258.14,1052.0,1,1.0961093755038083
0.64,328.9805,37.67,284.43,104.0,1,0.0
0.7,328.9931,39.32,296.86,224.0,1,2.14099999998
0.67,328.968,44.02,332.28,262.0,1,2.14099999998
0.64,328.9931,44.33,334.59,150.0,1,0.0
0.64,328.9874,46.9,353.94,138.0,1,0.0
0.67,328.968,47.19,356.2,1077.0,1,1.0633308218739272
0.64,328.968,52.11,393.21,69.0,1,0.0
0.67,328.9868,2.87,22.18,160.0,1,0.4819500000000012
0.68,329.0057,4.31,33.01,306.0,1,0.9638999999999989
0.68,329.0057,4.43,33.91,306.0,1,0.9638999999999989
0.68,329.0057,4.55,34.82,306.0,1,0.9638999999999989
0.66,328.9617,5.69,43.39,68.0,1,0.0
0.66,328.9931,10.24,77.7,92.0,1,0.0
0.66,330.9735,14.79,111.98,44.0,1,0.0
0.66,328.9805,29.29,221.25,1066.0,1,0.0
0.68,328.9742,30.55,230.77,3117.0,1,1.4913007560043041
0.68,328.9742,32.22,243.31,2868.0,1,0.7596838893627872
0.68,328.9805,32.23,243.39,181.0,1,1.4453999999910003
0.66,328.9726,32.72,247.09,354.0,1,0.0
0.67,328.9742,34.38,259.62,1127.0,1,0.5355000000000025
0.67,329.0057,35.4,267.29,412.0,1,1.4541343015648611
0.68,328.968,36.28,273.95,987.0,1,2.603396222812683
0.67,328.9805,37.92,286.26,656.0,1,1.0710000000000015
0.68,328.9931,37.5,283.13,317.0,1,0.8947986606844215
0.67,328.968,38.33,289.39,538.0,1,2.5767063987648267
0.67,328.9868,38.75,292.59,246.0,1,0.5355000000000025
0.66,328.9742,39.29,296.62,753.0,1,0.0
0.67,328.968,40.18,303.33,282.0,1,2.1780001443877057
0.67,328.9868,58.39,440.61,230.0,1,0.5355000000000025
0.68,328.9868,7.01,53.32,106.0,1,0.0
0.68,329.9763,8.38,63.7,75.0,1,0.0
0.68,330.9798,11.08,84.0,50.0,1,0.0
0.69,328.9742,11.44,86.73,562.0,1,0.48194999999999766
0.68,337.9004,15.45,116.85,138.0,1,0.0
0.69,247.7064,26.31,201.32,1087.0,1,0.9634499999909991
2.09,561.8252,25.16,187.04,233891.0,1,0.31339093052491285
0.69,329.0057,39.29,296.62,630.0,1,0.0
0.7,328.9742,11.26,85.37,104.0,1,0.0
0.7,328.6754,11.67,88.49,154.0,1,0.0
0.7,284.2418,29.19,221.83,513.0,1,3.0356666666666663
0.7,328.9805,32.22,243.36,481.0,1,0.0
0.71,328.9868,37.14,280.46,166.0,1,0.5349999999899993
0.7,328.968,49.71,375.16,147.0,1,0.0
0.72,258.3977,4.55,35.19,119.0,1,0.48194999999999766
5.09,337.9004,15.3,115.72,16704.0,1,168.33423473756514
0.71,328.968,40.07,302.49,110.0,1,0.0
0.71,328.9617,43.42,327.76,52.0,1,0.0
0.73,328.9805,12.16,92.14,76.0,1,0.0
0.8,337.9004,15.09,114.14,210.0,1,2.8953000000180005
0.8,272.4104,16.05,122.47,2515.0,1,1.4498999999999995
0.86,337.9004,15.29,115.62,1066.0,1,4.823999999999998
1.02,240.8709,16.4,125.91,1807.0,1,2.8953017577990003
0.82,272.9939,16.36,124.81,100081.0,1,1.0163429627628067
0.82,317.9846,6.11,46.62,36.0,1,0.0
0.83,317.9846,6.19,47.25,90.0,1,0.4815000000180021
0.83,248.9706,13.05,100.12,49733.0,1,0.6778491049091879
0.83,272.9939,15.93,121.55,577.0,1,0.48150000001799853
0.82,317.9846,49.17,371.63,132.0,1,0.0
0.82,317.9907,51.93,392.39,42.0,1,0.0
0.84,248.972,13.21,101.32,16652.0,1,0.0
1.25,240.8843,16.11,123.64,3454.0,1,54.211148339836484
0.85,301.9586,46.3,350.65,132.0,1,0.5354999999999954
0.84,301.9466,51.57,390.52,44.0,1,0.0
0.86,301.9526,12.16,92.46,44.0,1,0.0
0.86,248.9712,13.07,100.26,34610.0,1,0.0
0.86,301.9586,37.01,280.45,1671.0,1,0.0
0.88,301.8415,17.73,134.59,59053.0,1,10.123650000000001
0.88,301.9466,40.43,306.26,101.0,1,0.0
0.88,248.9775,44.92,343.3,582.0,1,0.0
0.88,301.9526,50.01,378.74,46.0,1,0.0
1.15,437.4878,3.59,27.32,309.0,1,21.714750000000006
0.97,301.9526,17.4,132.1,1662.0,1,3.6454000000200004
0.94,301.9526,17.55,133.26,4673.0,1,0.5355000000000025
1.09,216.6961,25.3,195.03,1435.0,1,33.55255733598224
1.0,301.9526,17.34,131.66,225.0,1,0.0
1.0,286.9819,48.81,370.5,50.0,1,0.0
1.02,286.9819,9.04,69.06,78.0,1,0.0
1.04,286.9819,12.52,95.39,129.0,1,0.0
1.02,286.9819,35.52,269.72,56.0,1,0.0
1.04,286.9819,10.24,78.14,66.0,1,0.0
1.04,286.9878,14.31,109.01,50.0,1,0.0
2.16,486.7862,22.69,169.35,253304.0,1,0.563137997259307
1.04,350.6758,26.67,201.04,1406.0,1,0.5354999999999954
1.8,541.0416,2.28,17.39,534.0,1,36.446999999984996
1.25,276.6081,24.57,187.05,531.0,1,7.714349999982005
2.06,528.7509,25.07,186.64,530569.0,1,1.0184150203993125
1.29,265.5864,32.73,249.47,141.0,1,11.591999999991003
1.13,337.9004,15.4,116.45,504.0,1,0.481500000017995
1.17,248.969,12.86,98.68,17625.0,1,3.6859327239570034
1.3,317.6659,17.22,130.5,2089.0,1,4.823499999989998
1.14,248.983,40.55,309.93,500.0,1,0.0
1.17,248.9806,13.06,100.19,18914.0,1,6.429999999990002
3.26,214.8304,9.83,76.1,3339.0,1,89.41455771291221
1.39,235.796,24.94,191.36,842.0,1,0.0
1.5,386.123,3.11,23.84,246.0,1,9.182249999991
1.35,337.9004,15.3,115.67,2040.0,1,3.482749999994997
1.21,263.2436,15.6,119.27,85.0,1,0.0
1.31,248.972,13.31,102.12,7733.0,1,13.518449999990999
1.23,272.8124,15.06,114.91,111.0,1,0.0
1.35,293.173,33.3,252.68,47.0,1,5.786999999990989
2.29,844.5977,40.61,299.11,35328.0,1,20.178075000000007
1.51,385.2001,3.23,24.74,250.0,1,7.736850000000004
1.94,453.3358,3.35,25.51,285.0,1,27.181675000019993
2.24,528.0057,23.96,178.41,75560.0,1,3.1263988202008886
2.7,337.9004,15.32,115.83,66766.0,1,48.76243719091457
1.33,321.9841,17.13,129.72,10709.0,1,0.48194999999999766
1.3,279.8314,25.58,194.65,3576.0,1,29.587594680492014
1.34,366.9837,8.44,63.89,54.0,1,0.0
1.17,248.9705,13.15,100.83,156539.0,1,37.45459828208158
1.34,229.8662,16.61,127.78,483.0,1,0.0
2.25,506.94,22.7,169.24,497471.0,1,1.084589101070602
2.22,527.1411,25.29,188.25,16680.0,1,13.204599999077034
1.34,366.977,44.02,330.93,111.0,1,0.0
1.57,428.896,22.5,168.5,545885.0,1,1.6711583474920133
2.94,213.7986,14.25,110.13,1161.0,1,87.0182682645768
1.56,417.4728,22.25,166.83,57918.0,1,1.0142606925984594
4.58,297.2295,14.49,110.14,18189.0,1,30.754000000007977
2.25,539.7579,22.76,169.37,152869.0,1,1.174121862395252
1.44,293.1789,39.23,297.58,134.0,1,0.0
4.98,239.585,16.05,123.25,161.0,1,89.24658310807534
2.37,546.7772,23.2,172.61,376874.0,1,16.1085156813259
1.61,261.8491,26.6,202.97,252.0,1,13.999500000000005
1.54,335.8856,33.0,249.0,430.0,1,0.0
1.46,214.7979,35.03,270.0,99.0,1,0.535499999999999
3.48,844.5968,40.2,296.09,87275.0,1,22.97506777622666
1.46,293.173,8.21,62.65,62.0,1,0.0
1.46,248.9704,13.21,101.34,19926.0,1,0.0
1.46,240.8709,16.46,126.36,790.0,1,0.0
2.05,867.1396,37.71,277.73,5607.0,1,20.70980054665786
1.48,844.5877,40.39,297.52,194.0,1,0.0
2.25,583.1062,41.03,304.42,966.0,1,28.948500000000003
1.5,214.9029,16.71,129.05,220.0,1,0.0
1.5,844.5977,40.31,296.95,74.0,1,0.0
2.16,564.5221,25.89,192.38,853.0,1,8.009698124579874
3.48,774.728,38.07,280.84,64831.0,1,63.42657499998299
1.52,293.1789,40.91,310.28,60.0,1,0.0
1.52,293.173,44.98,341.12,62.0,1,0.0
1.56,428.9602,3.47,26.45,68.0,1,0.9634500000179997
1.56,428.9889,7.27,54.77,271.0,1,3.079304274716392
1.55,428.9719,11.82,88.78,99.0,1,0.9634500000180068
1.55,242.2712,17.9,137.27,88.0,1,0.48195000000000476
2.16,576.7573,26.16,194.28,358807.0,1,4.192403414622418
1.55,428.9717,35.98,269.17,1498.0,1,0.7982219898485499
2.03,735.5764,37.14,274.26,1878.0,1,31.60550000001001
1.56,428.9746,36.76,275.04,1574.0,1,1.0814195237244935
1.54,428.9602,37.31,279.14,68.0,1,0.0
1.54,844.5935,40.3,296.84,93.0,1,0.0
1.54,428.9746,42.88,320.73,75.0,1,0.0
1.54,428.9746,47.55,355.61,114.0,1,0.0
1.56,428.9674,49.59,370.82,267.0,1,1.697428823172001
1.87,252.7584,2.16,16.96,134.0,1,14.944950000008994
3.13,248.9665,12.7,97.41,31650.0,1,66.69109999999199
1.56,428.9674,15.81,118.58,378.0,1,0.5350000000199984
2.29,516.9363,24.07,179.29,38379.0,1,10.045965147325967
2.09,511.5344,25.58,190.56,3864.0,1,5.103952543601337
1.55,294.1669,31.21,236.8,408.0,1,0.0
1.55,428.9746,31.79,237.86,189.0,1,0.0
1.56,428.9674,32.56,243.66,1007.0,1,1.4252124912064783
1.57,428.9653,32.45,242.83,982.0,1,0.5350000000199984
1.58,428.9727,35.62,266.46,1180.0,1,0.6585666874677204
1.57,428.9674,36.36,272.01,909.0,1,1.894583532027151
1.55,428.953,37.82,282.91,112.0,1,0.0
1.56,428.9746,39.42,294.87,309.0,1,0.5350000000199984
1.55,428.9674,40.31,301.5,187.0,1,0.0
1.57,428.9674,41.77,312.44,771.0,1,0.0
1.57,428.9889,47.53,355.46,110.0,1,0.5350000000199984
1.58,428.9674,3.23,24.66,155.0,1,0.48194999999999055
1.58,428.9687,3.35,25.55,160.0,1,0.48194999999999055
1.57,428.9602,5.39,40.76,33.0,1,0.0
1.57,428.9889,7.07,53.28,90.0,1,0.0
1.57,428.9746,8.15,61.33,75.0,1,0.0
1.58,428.9889,15.92,119.42,51.0,1,0.48194999999999055
1.65,294.3597,23.94,181.77,1088.0,1,17.020449112547503
1.57,428.9746,25.27,189.18,928.0,1,0.0
3.04,832.0833,39.38,290.19,10658.0,1,47.5166696143588
1.57,428.9674,43.36,324.31,87.0,1,0.0
1.86,212.8347,14.49,112.02,175.0,1,12.322299999984011
1.59,616.6973,37.33,276.67,263.0,1,0.0
1.59,428.9746,41.74,312.23,46.0,1,0.0
1.59,428.953,49.83,372.61,246.0,1,0.0
1.59,428.9746,52.38,391.68,85.0,1,0.0
1.59,428.9889,54.62,408.39,90.0,1,0.0
1.59,428.9746,56.78,424.49,138.0,1,0.0
1.69,239.5971,16.05,123.25,66.0,1,5.30415
1.61,750.5374,37.34,275.65,161.0,1,0.0
1.71,392.0018,0.72,5.89,1432.0,1,2.408849999981996
1.68,316.8596,3.23,24.92,254.0,1,1.9268999999819982
4.3,699.4884,35.63,263.37,6921.0,1,47.3140447617673
1.88,752.5333,37.03,273.38,282.0,1,7.46441583689002
3.12,788.4096,38.22,281.91,19768.0,1,22.620453385474885
1.68,375.9973,58.42,438.65,4353.0,1,1.8173594160756028
1.69,337.9004,15.31,115.78,1420.0,1,0.5349999999899993
1.7,286.9996,17.17,130.64,150.0,1,0.0
2.81,208.8921,14.51,112.32,1807.0,1,52.88495610886677
1.98,481.2381,24.92,185.93,1393.0,1,14.785799999999995
3.61,844.5977,40.5,298.34,15007.0,1,29.920339471388147
1.72,651.0105,40.67,300.98,109.0,1,0.0
1.74,396.7185,0.72,5.89,1688.0,1,13.499550000017997
1.74,396.7185,0.84,6.78,1688.0,1,13.499550000017997
1.73,401.9383,9.46,71.32,63.0,1,0.0
1.73,262.9911,14.31,109.45,62.0,1,0.0
2.16,456.5606,24.34,181.92,3122.0,1,16.61050000001999
1.74,401.9452,44.54,333.79,115.0,1,0.5350000000199984
2.06,448.956,6.74,50.74,103.0,1,11.091153515606997
1.96,610.958,27.51,204.05,406.0,1,8.681849999999997
2.22,742.53,36.79,271.64,2903.0,1,14.013719542021137
1.79,745.8434,37.03,273.41,232.0,1,1.9318500000000043
1.94,200.6614,14.32,111.09,265.0,1,8.872475116860304
2.36,934.9212,39.13,287.83,819.0,1,27.853000000020003
4.0,262.9854,14.36,109.79,9507.0,1,77.49402500001
2.04,433.849,23.84,178.5,3972.0,1,6.982923645660436
2.27,248.9713,13.05,100.14,68206.0,1,15.535499999999999
1.84,248.6829,12.82,98.32,8372.0,1,10.604250000000008
4.63,248.9718,13.07,100.23,4883435.0,1,45.101871851007324
1.84,315.0981,15.5,117.54,363.0,1,0.0
1.85,260.8727,17.65,134.9,170.0,1,0.48195000000000476
1.89,474.9395,25.03,186.89,225.0,1,2.8907999999820007
1.93,478.626,25.09,187.3,263.0,1,3.3727499999819983
2.27,579.1007,25.51,189.47,2088.0,1,5.441284622794886
2.78,603.9054,36.82,273.03,796.0,1,42.59893043512259
1.88,742.5325,36.65,270.64,196.0,1,0.0
2.65,234.4897,14.4,110.76,921.0,1,47.725500000000004
3.01,238.8894,16.04,123.2,6122.0,1,47.77652843716385
3.47,750.5374,37.21,274.69,259248.0,1,37.54899999999
1.94,750.5349,37.01,273.24,387.0,1,3.506600000007005
1.93,248.969,12.81,98.29,15666.0,1,0.9634499999909991
2.42,421.2535,46.27,346.18,3150.0,1,25.711499999999994
2.14,200.0731,14.38,111.59,95.0,1,11.572650000008984
1.93,226.9015,16.12,124.1,169.0,1,0.0
2.49,548.4469,26.12,194.24,2799.0,1,22.877750000019
1.95,318.2738,15.5,117.52,321.0,1,0.0
2.84,238.8921,16.07,123.38,2139.0,1,37.83785905196842
2.22,580.5299,25.98,192.94,4459.0,1,9.213100000019999
1.95,742.5325,36.49,269.46,102.0,1,0.0
1.95,646.6384,38.35,283.91,113.0,1,0.0
1.95,624.4075,40.76,301.97,70.0,1,0.0
2.38,522.5762,24.42,181.84,5626.0,1,11.572650000009006
2.18,670.2299,38.08,281.7,921.0,1,5.21011917675049
2.17,564.5161,23.91,177.69,9846.0,1,0.8882714343354273
2.16,424.5635,31.98,239.42,538.0,1,15.988360007204012
3.24,217.0025,18.25,140.83,5422.0,1,0.8898311617112181
2.36,524.976,24.61,183.22,11631.0,1,0.5349999999899921
2.0,474.9327,24.96,186.36,287.0,1,0.0
2.63,350.9829,42.03,316.51,1896.0,1,25.799649609357004
2.67,331.6826,14.18,107.35,999.0,1,32.945905196209665
2.05,528.953,10.48,78.33,301.0,1,0.5350000000199984
4.16,262.9854,14.34,109.64,23618.0,1,67.25897499998999
1.79,240.8926,16.53,126.87,359.0,1,36.40591234420379
2.05,516.6212,24.41,181.82,5464.0,1,0.481500000017995
2.04,544.1668,27.0,200.78,69.0,1,0.0
2.09,528.9623,41.85,311.18,394.0,1,1.9849747436330811
2.8,497.1852,42.12,313.73,5638.0,1,25.639449999980997
2.06,528.969,42.92,319.15,255.0,1,1.9567375710959418
2.04,528.953,53.18,395.34,66.0,1,0.0
2.07,528.945,1.68,12.95,563.0,1,1.4093720668543837
2.07,528.945,1.8,13.84,563.0,1,1.4093720668543837
2.07,528.945,1.92,14.73,572.0,1,1.3213682736792223
2.08,528.953,8.03,60.09,209.0,1,0.9638999999999953
2.07,528.9665,8.62,64.53,726.0,1,1.9465199057010203
2.07,528.945,9.52,71.2,4755.0,1,1.4901674819814819
2.09,528.964,36.81,273.77,1335.0,1,1.1510688061445566
2.05,528.9672,35.74,265.8,498.0,1,0.0
2.07,528.9603,38.49,286.27,1901.0,1,1.0709999999999908
2.22,844.5977,40.25,296.48,202.0,1,0.0
2.05,528.9501,41.39,307.75,122.0,1,0.0
2.07,528.961,58.93,438.03,160.0,1,0.9906749999999889
4.58,248.9697,12.9,98.97,570894.0,1,98.95537054786178
2.07,528.977,13.89,103.66,66.0,1,0.0
2.09,226.0131,17.66,135.97,137.0,1,0.48194999999999766
2.78,269.8061,19.89,151.74,13701.0,1,12.156403321908943
2.18,494.7817,20.57,153.47,56181.0,1,1.8442570905706999
2.66,505.9512,22.49,167.68,110760.0,1,0.7802933986397202
2.63,566.3346,23.31,173.26,61625.0,1,1.6876383598699403
2.08,508.9596,24.44,182.1,12312.0,1,0.535499999999999
2.07,528.8918,25.03,186.33,98268.0,1,4.336200000000005
2.08,550.944,25.75,191.51,215.0,1,0.48194999999999766
2.09,528.961,31.88,237.17,167.0,1,0.0
2.07,750.5294,37.37,275.89,109.0,1,0.0
2.18,528.953,38.24,284.4,247.0,1,6.749500000001994
2.1,528.953,49.57,368.48,359.0,1,0.9954591391911245
2.09,528.9483,57.27,425.68,230.0,1,0.0
2.09,528.985,9.88,73.87,44.0,1,0.0
2.09,528.969,10.61,79.24,153.0,1,0.0
2.09,528.961,13.94,103.99,91.0,1,0.0
2.09,528.9668,46.78,347.77,96.0,1,0.0
3.85,248.9701,13.42,102.89,258575.0,1,48.1063062299222
2.11,322.3023,15.14,114.67,427.0,1,0.0
2.12,240.8709,16.05,123.21,60.0,1,0.48195000000000476
3.72,225.9596,17.71,136.38,404.0,1,72.29936717003793
2.14,430.2086,23.57,176.47,1179.0,1,0.9638964843840085
2.15,551.2706,24.97,185.72,17427.0,1,0.830030664047996
2.11,540.3569,25.15,187.14,11320.0,1,2.355774999991503
2.11,528.961,48.12,357.77,89.0,1,0.0
2.13,297.1547,10.6,80.71,52.0,1,0.0
2.15,297.1515,58.21,441.06,132.0,1,0.9639046874879966
2.16,572.98,2.76,20.92,144.0,1,0.9634535156070001
2.16,572.98,2.87,21.8,144.0,1,0.9634535156070001
2.17,473.9677,9.33,69.94,657.0,1,0.9098515624859829
2.16,363.7075,10.47,79.13,167.0,1,1.9273535156069812
2.14,572.9673,15.99,118.99,42.0,1,0.0
2.19,655.8495,36.74,271.92,1098.0,1,1.3703927145982095
2.14,297.1515,49.89,378.09,48.0,1,0.0
2.14,297.1455,54.8,415.26,98.0,1,0.0
2.17,572.9757,5.45,40.89,220.0,1,1.56861765073521
2.16,337.9004,15.38,116.31,609.0,1,0.0
2.16,369.2073,19.62,147.77,2536.0,1,0.0
2.16,529.8787,25.2,187.55,119.0,1,0.0
2.17,572.984,25.93,192.65,105292.0,1,0.5349960937499958
2.22,580.4136,26.57,197.29,598327.0,1,3.211996093769997
2.4,351.7909,26.78,201.82,432.0,1,0.5349999999899921
2.17,572.984,33.16,246.17,754.0,1,0.5349960937499958
2.18,572.9724,38.33,284.5,493.0,1,1.5234793050566227
2.19,719.8847,40.56,299.58,375.0,1,1.0704960937499948
2.17,572.984,40.97,304.09,210.0,1,0.5349960937499958
2.16,572.9673,44.92,333.34,63.0,1,0.0
2.17,572.9757,51.15,379.49,43.0,1,0.4814964843750005
2.18,572.9775,32.48,241.17,259.0,1,0.0
2.19,572.9781,34.89,259.02,282.0,1,0.48194999999999766
2.19,572.9923,44.69,331.6,106.0,1,0.535499999999999
2.18,572.9757,47.79,354.64,104.0,1,0.0
2.18,573.0006,55.28,410.11,90.0,1,0.0
2.18,572.984,56.54,419.43,111.0,1,0.0
2.18,572.984,58.57,434.52,117.0,1,0.0
2.48,248.9895,13.12,100.62,39708.0,1,2.856833333333332
2.2,237.0139,14.44,110.98,89.0,1,0.0
2.2,217.0032,18.34,141.52,562.0,1,0.0
2.47,707.7478,37.18,274.73,488.0,1,16.204000000012513
2.22,310.0523,56.56,427.79,230.0,1,57.06510877117957
2.35,219.9316,15.87,122.44,116.0,1,6.964500000000001
2.94,842.972,40.4,297.64,9996.0,1,8.20443780061679
2.23,248.9665,13.31,102.11,9088.0,1,0.0
2.4,217.0018,18.26,140.87,292.0,1,6.75
2.23,572.9809,25.83,191.88,1065.0,1,0.0
3.81,926.5994,42.54,312.9,39324.0,1,20.01752533139286
2.24,506.9486,56.62,421.29,99.0,1,0.48194999999999766
2.26,591.0166,7.15,53.43,72.0,1,0.48194999999999766
2.25,589.0432,10.24,76.34,137.0,1,0.0
2.27,243.1372,15.7,120.45,394.0,1,0.0
2.38,529.9637,25.11,186.88,3416.0,1,2.19596687690194
2.27,589.0095,32.79,243.31,701.0,1,-1.5027941257665043
2.25,589.0179,33.01,244.91,73.0,1,0.0
2.29,589.0119,35.46,263.11,81.0,1,1.4498999999999995
2.27,746.976,37.25,275.04,1002.0,1,0.9371606397639062
2.25,750.5352,37.2,274.6,390.0,1,0.0
2.23,984.4567,39.34,289.12,1902.0,1,2.2403693791183077
2.25,844.5977,40.21,296.18,145.0,1,0.0
2.26,589.0179,41.51,307.85,102.0,1,0.535499999999999
2.25,588.9926,41.8,310.06,312.0,1,0.0
2.27,589.001,51.03,378.36,99.0,1,0.0
2.28,588.9948,54.94,407.35,318.0,1,1.075499999999991
2.25,589.0095,57.02,422.71,72.0,1,0.0
2.27,589.001,58.73,435.39,847.0,1,1.075499999999991
2.28,589.001,3.23,24.45,328.0,1,0.48599999999999
2.27,482.9288,6.71,50.42,150.0,1,0.0
2.28,589.0049,7.31,54.61,65.0,1,0.48599999999999
2.27,589.0142,13.94,103.74,123.0,1,0.48599999999999
2.27,589.0095,35.18,260.99,95.0,1,0.0
2.66,844.598,40.31,296.94,6830.0,1,16.827749999986494
2.29,589.0135,43.1,319.66,131.0,1,1.0755000000000052
2.27,588.9926,57.31,424.87,48.0,1,0.0
2.29,505.4773,22.4,167.02,18211.0,1,6.75
2.29,589.0095,26.51,196.8,124436.0,1,0.0
3.01,211.8164,14.51,112.22,770.0,1,34.54640879547048
2.32,311.1679,25.32,191.8,1372.0,1,0.0
2.95,781.5411,37.4,275.87,5988.0,1,26.07212474247719
2.38,206.2199,19.53,151.07,536.0,1,1.926899999981984
3.5,673.4713,34.86,257.91,9228.0,1,27.471374999999995
2.54,725.5008,36.37,268.67,579.0,1,6.07434306580549
2.36,311.1679,39.29,297.28,120.0,1,0.9902499999914909
2.36,844.7255,40.54,298.66,643.0,1,0.535499999999999
2.34,844.5961,40.46,298.05,893.0,1,0.0
2.35,311.1618,42.28,319.9,53.0,1,0.48149999999100146
2.4,973.3361,2.99,22.47,98.0,1,1.9273499999910086
2.37,311.1679,10.39,78.96,194.0,1,1.0710000000000122
2.36,248.9665,12.8,98.17,11525.0,1,0.0
2.37,311.1618,34.73,262.86,61.0,1,0.48194999999999766
2.36,750.5339,37.43,276.31,211.0,1,0.0
4.39,871.6814,42.06,309.66,69201.0,1,30.32649440216653
2.39,898.7899,31.42,231.36,75.0,1,0.48195000000001187
2.38,311.1679,43.24,327.14,75.0,1,0.0
2.38,311.1618,57.08,431.65,86.0,1,0.0
3.28,248.9572,13.42,102.89,51471.0,1,36.79170000000599
2.39,203.8697,14.61,113.28,46.0,1,0.0
2.39,750.5294,37.42,276.22,182.0,1,0.0
2.39,781.4788,38.09,280.98,56.0,1,0.0
2.39,311.1679,45.16,341.62,93.0,1,0.0
2.41,240.5878,16.44,126.16,395.0,1,0.0
2.72,204.9717,17.41,134.83,88.0,1,11.59920000000001
3.25,323.394,17.63,133.44,5253.0,1,-1.1491255970642178
2.41,524.984,21.66,161.33,4741.0,1,0.0
2.51,384.7386,25.32,190.22,859.0,1,3.3772500000179946
2.41,516.9486,26.35,196.26,105.0,1,0.0
2.51,239.6865,16.43,126.18,621.0,1,8.035000000020005
2.44,400.8601,20.84,156.48,1101.0,1,0.48194999999999766
2.61,568.3476,24.74,183.87,593.0,1,6.75
2.43,498.8979,25.03,186.64,163.0,1,0.0
8.61,868.1382,41.88,308.38,209032.0,1,100.14339959640067
2.43,845.6474,41.21,303.52,24.0,1,0.0
2.86,337.9004,15.09,114.14,1200.0,1,20.139967806877173
2.45,217.0032,18.45,142.33,87.0,1,0.0
2.59,578.9301,26.0,193.14,21444.0,1,-0.7161179107539488
2.57,563.4982,26.1,194.0,1079.0,1,2.732832152397204
3.2,734.5156,36.52,269.74,15496.0,1,18.34682499998999
2.47,750.5351,37.11,273.92,592.0,1,0.0
2.47,254.8183,21.63,165.35,419.0,1,0.0
2.47,506.8235,23.12,172.32,453.0,1,0.48194999999999766
2.55,398.0361,24.78,185.97,3428.0,1,50.0979706436278
2.54,541.4977,26.95,200.47,179.0,1,7.5
3.21,725.5055,36.25,267.78,9934.0,1,18.231999999989995
2.47,818.5772,39.59,291.79,116.0,1,0.0
2.5,240.8672,16.36,125.56,594.0,1,1.0704999999899911
2.73,506.4529,23.03,171.68,678.0,1,2.9222999999909973
2.5,434.942,24.57,183.93,1746.0,1,2.782279232203661
2.48,750.5339,37.31,275.42,233.0,1,0.0
2.53,217.0032,18.39,141.87,544.0,1,0.0
2.5,506.8235,23.06,171.91,383.0,1,0.0
3.08,803.4746,38.76,285.75,3527.0,1,29.636057307903403
2.79,260.875,17.7,135.26,271.0,1,15.74864608566709
2.52,217.0014,18.42,142.11,414.0,1,0.0
2.58,532.72,25.91,192.86,32365.0,1,1.0271149292047104
4.71,248.972,13.06,100.2,11686625.0,1,45.175675088507205
2.72,458.9042,23.82,177.99,1958.0,1,3.661100000009995
2.54,564.8684,26.47,196.72,57.0,1,0.0
2.61,580.8922,26.6,197.52,263.0,1,0.0
2.54,325.1755,32.58,246.18,84.0,1,0.0
2.61,734.2968,36.93,272.72,315.0,1,3.7474999999800076
2.54,325.1755,53.92,407.09,105.0,1,0.5355000000000132
2.6,248.9885,12.7,97.41,3085.0,1,2.4355999999814912
2.88,230.5112,19.61,150.8,5953.0,1,1.6158757624270623
2.55,400.867,20.8,156.19,596.0,1,0.0
2.62,325.1817,24.44,184.8,5359.0,1,2.671005208252493
2.58,569.9546,11.82,88.08,76.0,1,0.48149999999101567
2.72,352.9407,21.94,165.44,1031.0,1,2.4403499999909997
3.29,531.754,23.61,175.76,252164.0,1,1.2121659777254283
2.8,356.8075,22.08,166.44,3705.0,1,15.190249999992005
2.7,588.2712,26.8,198.99,78.0,1,7.740449999990986
2.61,262.9854,14.31,109.39,169.0,1,0.0
2.63,228.9312,17.74,136.52,287.0,1,1.0704999999900053
2.61,236.1045,20.24,155.42,266.0,1,0.0
2.74,444.7618,22.38,167.45,303.0,1,11.59920000000001
2.61,569.9629,25.49,189.39,1701.0,1,0.0
2.61,569.9614,26.26,195.09,1467.0,1,0.535499999999999
2.61,580.898,26.83,199.25,57.0,1,0.0
2.63,293.167,7.97,60.83,48.0,1,0.0
2.86,238.898,16.2,124.43,218.0,1,9.586675497639094
2.63,272.0819,21.75,165.81,401.0,1,0.0
2.64,578.023,25.72,191.07,1543.0,1,1.6059999999900043
2.82,217.6628,18.06,139.34,319.0,1,15.866816379436724
2.98,641.5981,25.03,185.54,11926.0,1,1.136437232730598
2.78,603.4053,25.51,189.3,3733.0,1,1.0700071981778136
2.77,495.6868,25.22,188.04,71.0,1,7.258500000018017
2.94,230.7628,13.73,105.73,681.0,1,19.738775000012993
3.32,217.0032,18.25,140.79,3822.0,1,1.6887683712717443
2.8,382.7433,21.15,159.05,3050.0,1,7.636449999995989
3.29,497.0277,23.75,177.13,43187.0,1,0.6407640655531667
2.67,458.9042,23.9,178.65,354.0,1,0.9634500000179997
2.7,559.1107,25.45,189.21,277.0,1,1.6060000000200034
3.77,781.4885,38.05,280.65,1149.0,1,32.69722903293686
5.29,834.5726,39.11,288.15,1816.0,1,62.19456364076025
2.76,843.4693,39.26,289.23,131.0,1,5.281099999997991
4.04,248.972,13.83,106.04,1812.0,1,27.51890662908923
3.53,336.1413,24.55,185.35,62770.0,1,13.772427689648346
2.88,337.9004,15.31,115.76,5238.0,1,35.76168243219279
2.7,291.0547,15.64,118.99,177.0,1,0.0
3.36,287.2061,23.39,177.81,118408.0,1,4.4701428386671695
3.75,283.2641,23.51,178.8,89556.0,1,61.52270000001597
2.77,455.8532,24.93,186.34,160.0,1,14.490449999990986
2.78,540.9076,25.85,192.31,226.0,1,10.746999999989995
3.36,742.5315,36.71,271.06,10049.0,1,23.084749999994997
3.83,818.5837,40.51,298.57,102787.0,1,20.824765739489525
3.8,926.6029,42.66,313.79,95145.0,1,12.656714973112095
2.8,240.8709,16.17,124.13,150.0,1,6.137899999997998
2.89,367.8824,22.8,171.65,3925.0,1,10.88049999998249
2.76,309.9125,29.09,220.29,303.0,1,2.4208501166722534
3.3,841.6572,40.06,295.11,23099.0,1,15.011879480844385
2.73,261.1491,15.64,119.6,236.0,1,0.0
2.75,376.9,21.2,159.5,601.0,1,0.0
2.78,651.3784,25.76,190.87,10853.0,1,1.1946167433931472
2.8,298.895,28.92,219.33,883.0,1,1.4722499999924992
2.74,830.5507,39.21,288.91,69.0,1,0.48149999999100146
2.92,229.5355,22.09,169.8,3468.0,1,4.935449999999989
2.83,400.8601,20.93,157.17,1593.0,1,5.281400000009981
3.16,376.9,21.08,158.61,1076.0,1,1.8110109140019173
2.9,400.1768,24.29,182.29,191.0,1,3.997674568103279
2.88,712.1034,25.03,185.15,687.0,1,2.803508049853904
2.77,680.9512,25.72,190.4,11651.0,1,0.8226867768300703
2.75,339.1972,26.52,200.18,614.0,1,0.0
2.75,339.1972,26.95,203.39,38.0,1,0.0
2.75,339.2036,33.12,249.83,46.0,1,0.0
2.79,815.5616,39.25,289.32,68.0,1,1.4768999999999863
3.07,208.704,14.53,112.51,1022.0,1,11.022877012602962
2.77,207.4351,16.18,125.22,121.0,1,0.0
3.34,214.397,19.72,152.25,118178.0,1,6.724319438939452
3.44,230.3641,20.11,154.57,132358.0,1,30.563869725201247
2.77,400.8601,20.72,155.58,132.0,1,0.0
2.77,400.8601,20.98,157.5,1280.0,1,0.0
2.9,295.48,22.03,167.26,1828.0,1,5.479800000004502
2.92,312.1779,22.01,166.74,4039.0,1,4.69995410267413
3.89,255.231,22.2,169.74,124373.0,1,36.95347020571806
2.9,399.5109,22.52,169.05,408.0,1,3.7535243441764283
2.77,680.9512,25.15,186.2,507.0,1,0.0
3.74,248.9696,13.46,103.25,31980.0,1,6.431782475367447
2.8,238.1371,16.83,129.24,3032.0,1,0.535499999999999
3.03,235.2347,19.51,149.87,959.0,1,1.824300000000008
2.91,458.9042,23.85,178.26,1300.0,1,11.968634157904035
2.8,680.9466,26.83,198.58,42.0,1,0.48194999999999766
4.05,844.5977,40.75,300.17,1241054.0,1,32.34477973252049
2.79,248.983,52.82,403.62,588.0,1,0.0
2.81,248.972,12.9,98.97,35334.0,1,0.0
3.1,205.8349,16.38,126.85,1179.0,1,17.59140000000599
2.92,352.9412,21.67,163.43,764.0,1,7.414966497060069
3.72,281.3476,22.39,170.38,54796.0,1,2.4937529566579015
3.02,345.5282,22.64,170.81,1810.0,1,17.180471464201226
2.87,374.6022,24.82,186.67,2231.0,1,3.21786263999064
3.39,781.4885,38.08,280.87,13839.0,1,24.981341628798138
2.82,416.8939,22.4,167.92,122.0,1,0.0
3.18,526.9563,22.83,170.0,641.0,1,12.049649999991004
2.94,667.7719,25.45,188.47,7289.0,1,3.399750000016496
2.87,353.2082,26.13,196.9,2043.0,1,2.113303931971178
2.88,430.4747,25.96,194.33,424.0,1,2.3430402214901225
4.09,870.6044,41.25,303.73,166691.0,1,35.217344921867976
2.83,845.6676,41.32,304.32,282.0,1,0.5349999999900064
2.95,217.0032,18.3,141.24,178.0,1,5.304600000009003
2.85,267.7681,19.29,147.16,219.0,1,0.48194999999998345
2.85,407.0177,23.68,177.62,377.0,1,0.9638999999999953
2.85,458.9042,23.8,177.9,380.0,1,0.48194999999998345
2.84,367.3712,24.34,183.21,303.0,1,0.0
3.71,542.4746,25.89,192.56,492.0,1,9.03956907501194
3.11,364.2817,26.16,196.89,922.0,1,1.560944323280886
2.85,393.102,28.75,215.78,71.0,1,0.48194999999998345
3.21,808.7793,38.6,284.56,2215.0,1,20.23000124137646
2.84,818.5772,39.48,291.01,165.0,1,0.0
2.86,247.8915,13.42,102.93,1599.0,1,0.0
3.03,239.9321,16.35,125.51,125.0,1,0.4864500000090004
2.93,247.2456,20.13,154.21,1314.0,1,2.89070000001
2.86,379.8844,24.38,183.32,348.0,1,0.48195000000001187
3.26,770.5595,37.73,278.4,1086.0,1,16.304400000018006
3.58,781.4885,37.93,279.77,1923.0,1,29.846435190937374
2.89,248.972,1.32,10.57,1832.0,1,0.48194999999999766
2.89,248.972,1.44,11.49,1832.0,1,0.48194999999999766
2.89,248.972,1.56,12.4,1832.0,1,0.48194999999999766
2.91,236.1045,20.48,157.26,368.0,1,1.927350000017995
2.88,341.4266,22.82,172.26,305.0,1,0.0
3.31,285.4941,23.52,178.86,162736.0,1,1.2683037764073326
2.9,458.9042,23.85,178.23,529.0,1,0.0
2.88,622.9058,25.48,188.92,73.0,1,0.48194999999999766
2.9,401.1243,25.92,194.47,443.0,1,0.0
2.89,401.1243,25.89,194.28,270.0,1,0.48194999999999766
2.88,248.972,52.82,403.62,1365.0,1,0.0
2.9,363.3775,25.2,189.7,62.0,1,0.0
3.1,664.2947,25.88,191.66,2360.0,1,2.984531356791547
2.95,866.2771,27.1,199.71,20474.0,1,1.191307009147577
3.11,789.7566,26.87,198.31,11081.0,1,20.913374999984995
3.44,337.9004,15.09,114.14,854.0,1,24.07419999999898
2.91,237.8683,16.36,125.67,95.0,1,0.0
2.98,235.8992,20.01,153.64,578.0,1,3.377249999990994
2.96,236.1045,20.41,156.7,1059.0,1,3.2119999999799944
2.95,321.8993,20.67,156.39,191.0,1,1.9273499999909944
3.16,394.7736,21.01,157.84,1543.0,1,4.015125000007501
3.45,531.0192,24.41,181.68,30618.0,1,1.1307432731396208
3.19,634.6712,26.57,196.9,2144.0,1,15.367575000000002
3.03,794.977,26.51,195.68,703.0,1,1.4237500000035084
2.95,729.8864,26.89,198.71,6966.0,1,1.0441977798266617
2.95,730.9498,27.24,201.36,7872.0,1,1.2378832872418086
2.96,473.2801,30.57,228.11,25974.0,1,0.41537773187681254
2.95,473.2793,31.03,231.57,897.0,1,1.1549884663720362
3.11,699.4854,35.74,264.19,1043.0,1,27.789364809158602
2.91,821.8305,39.24,289.17,104.0,1,0.0
3.17,337.9068,14.97,113.24,112.0,1,14.230277317137185
2.93,337.9004,15.28,115.56,911.0,1,0.0
3.12,235.1217,19.17,147.22,851.0,1,6.235525628061008
3.17,380.0254,24.3,182.72,581.0,1,10.195374999997497
2.97,586.119,25.24,187.44,84.0,1,3.377249999991008
2.97,844.5977,40.38,297.45,4008.0,1,0.0
2.96,872.6787,42.16,310.41,128.0,1,1.740625703610379
3.13,235.1088,20.48,157.23,3413.0,1,9.875399999999999
3.0,393.82,21.05,158.14,405.0,1,4.822649999981991
2.99,376.9,21.44,161.3,117.0,1,4.340699999981979
2.95,352.9407,21.8,164.38,220.0,1,0.0
3.47,314.7131,23.72,179.6,42451.0,1,1.6421016287607217
3.4,337.7158,23.78,179.53,2125.0,1,11.338485073559644
2.96,669.9519,25.15,186.26,5610.0,1,0.48149999999100146
2.98,669.9519,25.43,188.28,92376.0,1,1.3977228256198277
2.95,669.9519,25.49,188.7,4144.0,1,0.0
3.95,210.4639,19.46,150.41,3170.0,1,24.85245264238854
4.03,238.0384,20.92,160.5,10559.0,1,4.085015755713402
3.98,238.7076,20.85,159.99,8044.0,1,3.3697440247958332
3.05,375.9119,21.1,158.77,560.0,1,4.100574999989988
3.47,323.1495,24.1,182.28,48627.0,1,0.7911427827833887
3.0,669.9537,28.62,211.87,242.0,1,1.4453999999909968
3.13,459.2463,29.0,216.6,544.0,1,2.06384941808227
2.98,699.4854,35.4,261.68,419.0,1,1.5298616625224934
3.51,748.2156,36.9,272.43,12915.0,1,20.003574999993006
3.56,815.3335,38.88,286.58,439.0,1,3.0821249999925016
3.29,282.8504,18.93,144.06,866.0,1,1.4159803928760588
3.08,388.1754,21.6,162.35,167.0,1,5.67980000000999
3.0,669.9532,28.58,211.58,2752.0,1,0.0
3.09,816.5583,39.05,287.82,91.0,1,7.231949999999998
3.21,319.9306,17.62,133.45,6061.0,1,6.213300000006001
3.75,235.021,20.38,156.51,17494.0,1,33.48145616552226
3.01,235.1236,20.6,158.21,291.0,1,0.48149999999101567
3.0,669.9519,25.12,186.01,3831.0,1,0.48149999999100146
3.02,669.9519,25.68,190.14,1197.0,1,0.0
3.02,317.1307,23.76,179.82,156.0,1,0.0
3.02,669.9519,25.34,187.63,851.0,1,0.0
3.02,578.3158,26.3,195.36,64.0,1,0.0
3.02,725.5073,36.47,269.4,264.0,1,0.0
3.04,262.9854,14.25,109.0,50.0,1,0.0
3.04,260.8671,17.49,133.66,21.0,1,0.0
3.04,227.2009,21.02,161.67,858.0,1,0.0
3.7,255.2331,22.13,169.14,357384.0,1,1.6587820548909882
3.04,348.286,25.33,191.03,42.0,1,0.0
3.14,814.042,39.83,293.55,1344.0,1,1.3623149789401325
3.3,283.2619,23.37,177.74,934813.0,1,1.1962840557097159
3.69,844.5977,40.05,295.02,91452.0,1,14.23770799962168
4.49,831.0623,39.82,293.42,7717.0,1,25.45264597708778
3.21,844.5977,40.63,299.27,4406.0,1,7.249500000000012
4.81,248.9692,12.83,98.42,361856.0,1,36.61426649008195
3.07,333.2164,21.64,163.52,164.0,1,5.363333333333334
3.09,392.9336,22.52,169.14,56.0,1,0.9634499999909991
3.2,528.6022,26.31,195.81,254.0,1,3.8542500000000075
3.22,380.5736,29.05,218.28,3108.0,1,6.7993192535067415
3.17,509.0488,26.56,197.86,3498.0,1,3.854500000007988
3.11,780.9451,27.65,204.08,41112.0,1,1.3749140755008253
3.07,780.9451,28.75,212.19,36.0,1,0.0
3.07,926.6236,43.0,316.29,23.0,1,0.0
3.63,204.4577,18.85,145.93,1325.0,1,35.03113633414321
3.09,373.0372,21.5,161.79,56.0,1,0.0
3.1,283.271,23.6,179.48,56.0,1,0.48194999999998345
3.12,364.2817,26.32,198.11,1571.0,1,2.0484247899794834
3.31,396.9699,19.82,148.86,13108.0,1,3.2693612309388382
3.12,400.8622,20.84,156.48,192.0,1,2.643360758968327
3.14,364.2817,25.87,194.76,286.0,1,0.0
3.34,838.0101,39.91,294.02,2129.0,1,7.859840736027299
3.31,248.9775,13.42,102.89,9121.0,1,8.426558243220835
3.65,262.9932,14.35,109.69,201.0,1,32.4695616347705
3.8,248.7555,20.63,157.98,22129.0,1,22.793601809822565
3.84,234.6583,20.65,158.59,22643.0,1,20.214274527483987
3.18,400.8646,20.97,157.41,433.0,1,7.2946008771479764
3.21,289.4951,21.52,163.53,81.0,1,8.212950000017997
3.14,298.277,22.73,172.5,429.0,1,0.5350000000199913
4.27,708.5946,35.56,262.78,252924.0,1,15.128206055762774
4.22,742.7125,37.18,274.51,102780.0,1,18.940354184006548
3.75,778.3072,38.19,281.75,5521.0,1,27.12539999998802
3.15,238.0374,14.44,110.94,83.0,1,0.0
3.15,238.8975,15.87,121.89,74.0,1,0.0
3.15,301.1628,23.38,177.36,1062.0,1,0.48195000000001187
3.15,780.9451,28.45,209.96,684.0,1,0.0
3.15,699.4854,35.87,265.14,467.0,1,0.0
3.28,283.1074,22.64,172.22,2375.0,1,1.6270267833246155
3.29,281.9086,23.2,176.51,550774.0,1,0.7915274320310975
3.26,323.1502,23.42,177.11,1085.0,1,5.72607499998
3.25,824.3262,28.28,208.53,2507.0,1,1.1011617005967411
3.2,489.2692,30.5,227.39,3792.0,1,1.4014717672911545
3.18,220.1446,19.84,152.95,389.0,1,0.0
3.19,283.1074,22.7,172.67,6731.0,1,1.6854507727390589
3.25,364.5894,27.13,204.16,434.0,1,2.9133000000000067
3.25,316.5091,27.35,206.96,710.0,1,3.1698426537039746
3.3,370.9116,17.13,129.03,107.0,1,6.2081000000069935
3.34,330.9735,17.35,131.22,353.0,1,4.74012930729938
3.24,235.5351,20.48,157.28,445.0,1,1.9273499999910086
2.36,250.9348,21.58,165.14,5525.0,1,99.70113555466746
3.25,253.9794,21.97,167.98,4726.0,1,3.1919190450674315
3.41,358.2148,28.15,211.97,1000214.0,1,0.7064745557810864
3.65,603.7769,28.16,208.93,658.0,1,0.0
3.2,489.2668,29.29,218.38,58.0,1,0.0
4.37,868.7948,36.08,265.74,178745.0,1,11.727461156823688
3.36,330.9798,17.39,131.52,397.0,1,0.0
3.24,330.9784,17.37,131.41,3111.0,1,1.3331889761016107
3.39,330.9798,18.33,138.6,18260.0,1,1.3501050319742232
3.35,414.7531,24.0,179.94,1670.0,1,5.217849999989994
3.24,563.0216,25.99,193.15,9347.0,1,1.335842635844478
4.68,405.2793,26.91,201.8,41318.0,1,39.00618576613117
3.22,503.1176,32.52,242.25,54.0,1,0.0
3.25,695.3937,36.51,269.89,515.0,1,5.322150000009003
4.45,871.6814,42.17,310.46,54120.0,1,29.51755445884245
3.52,225.0083,19.08,146.93,1127.0,1,34.95774999999752
4.54,405.28,26.86,201.42,72302.0,1,12.386500397817326
3.39,291.9131,28.26,214.59,894136.0,1,1.5937255267847903
3.25,830.9372,30.63,225.84,56.0,1,1.4679000000089957
3.23,699.4854,35.7,263.88,850.0,1,0.0
3.79,786.7867,38.46,283.67,27516.0,1,28.420267578144006
3.75,786.813,38.7,285.4,9414.0,1,28.7362499999835
4.08,844.9622,41.19,303.41,10271.0,1,35.783986599942295
3.72,248.9885,12.7,97.41,10464.0,1,50.592726866822794
3.26,396.9669,19.1,143.47,184.0,1,0.48149999999101567
3.25,400.874,21.01,157.77,48.0,1,0.0
4.12,481.2725,30.42,226.92,244612.0,1,46.61000000001003
3.26,818.5871,39.37,290.17,519.0,1,0.5349999999900064
3.28,514.9957,11.02,82.37,213.0,1,1.0955000000099915
3.39,330.9767,17.12,129.54,5398.0,1,1.0968740356503361
3.28,330.9798,18.16,137.33,129.0,1,0.5044500000179966
3.28,323.8201,18.97,143.6,78.0,1,1.4679000000090099
3.29,241.217,21.59,165.51,6018.0,1,0.5880646077908548
3.3,357.2784,25.25,190.22,1159.0,1,1.4528994636517896
3.4,565.5988,25.58,190.08,942.0,1,6.648199999997999
3.29,601.6993,26.36,195.59,2963.0,1,1.502017330281356
3.27,830.941,30.78,226.95,39.0,1,0.0
3.29,330.9798,18.09,136.8,38.0,1,0.0
3.76,226.6667,20.07,154.45,6837.0,1,38.25105529397633
3.29,894.9373,28.59,210.55,7851.0,1,1.60599999998999
3.29,830.941,30.02,221.31,2437.0,1,0.0
4.2,733.2878,36.56,269.98,103685.0,1,21.772859284417205
3.29,844.5977,40.45,297.94,11409.0,1,0.0
3.46,531.0248,24.02,178.77,965205.0,1,1.0759739529091272
3.31,844.5977,40.31,296.94,5963.0,1,0.0
4.36,248.972,16.77,128.47,85244.0,1,36.99186858171798
3.37,331.0637,17.73,134.09,1473.0,1,1.60599999998999
3.32,211.1009,18.99,146.78,59.0,1,0.0
3.35,207.1383,19.5,150.84,3577.0,1,65.66692965164229
3.33,357.28,25.33,190.82,371.0,1,0.5354999999999848
3.33,349.5847,25.56,192.69,233.0,1,0.5354999999999848
4.28,405.2819,26.9,201.75,10855.0,1,6.272518764025474
3.48,894.9347,28.54,210.19,159.0,1,4.410089038593105
3.32,894.9393,28.39,209.08,94.0,1,0.0
4.42,405.2793,26.93,201.93,279046.0,1,20.18260452169592
3.44,844.9356,27.61,203.54,88.0,1,5.893500000000003
3.37,639.0529,28.68,212.52,1025.0,1,4.426431157282152
3.37,585.3358,31.97,237.31,2286.0,1,1.3690546643308814
4.02,593.9767,33.79,250.68,40377.0,1,2.012099941525189
3.9,225.0051,19.02,146.42,2231.0,1,31.070500000020004
4.27,333.5173,24.71,186.61,18253.0,1,39.81693642306788
3.37,649.9557,25.34,187.76,312.0,1,0.535499999999999
3.38,579.0501,26.37,195.86,2061.0,1,1.4830958456899002
3.64,435.6976,26.63,199.27,1034.0,1,10.177000000020001
3.36,583.3188,32.87,243.98,55.0,1,0.0
3.57,248.9775,12.7,97.41,4634.0,1,9.15885000000901
3.38,245.3649,14.54,111.52,74.0,1,0.0
3.38,330.9798,17.45,131.96,1208.0,1,0.0
3.39,330.9798,18.57,140.41,127.0,1,0.48194999999999766
3.44,531.016,24.32,181.07,71297.0,1,0.8705521990170128
4.37,333.4459,25.1,189.55,10245.0,1,39.62388912627428
3.38,649.9557,25.43,188.42,117.0,1,0.0
3.41,880.9334,31.37,231.01,1022.0,1,1.0705000000200044
4.06,607.7496,33.9,251.34,65348.0,1,3.9926775014964297
3.91,748.2379,36.95,272.82,35491.0,1,13.275868351556243
4.19,844.5977,40.47,298.1,4760251.0,1,24.261568280710804
3.66,976.4041,43.39,318.9,2868.0,1,31.294243233472482
3.4,225.0083,18.75,144.34,86.0,1,0.0
3.64,337.2353,25.37,191.56,2437.0,1,9.758748661325683
3.4,649.9645,25.33,187.7,84.0,1,0.0
3.43,880.9341,31.36,230.95,1187.0,1,0.8698761520713225
3.44,279.2302,23.04,175.39,16167.0,1,1.6304428890270188
3.42,361.2333,25.72,193.71,224.0,1,0.42839999999999634
3.41,880.9313,31.14,229.38,567.0,1,0.0
3.5,818.5861,39.56,291.59,6223.0,1,1.0384929279762893
3.61,255.2306,22.03,168.43,12141.0,1,6.235785670685483
3.6,278.1098,23.57,179.45,135132.0,1,20.03702499998701
3.43,531.0072,24.02,178.79,154073.0,1,0.0
3.56,336.1413,24.16,182.45,1404.0,1,6.964500000000001
3.44,361.2333,25.77,194.03,476.0,1,0.535499999999999
3.74,596.4804,25.87,191.99,224.0,1,10.553998202554506
4.31,434.7651,27.09,202.69,14105.0,1,29.083899933570056
3.43,683.629,30.37,224.67,733.0,1,0.0
4.03,839.2612,33.48,246.72,3244.0,1,19.913557400752378
4.2,723.4265,36.26,267.88,16064.0,1,19.184016277729096
3.7,754.7429,37.73,278.51,14184.0,1,12.162674999986493
3.45,531.0152,43.24,321.5,489.0,1,2.3934136829694013
3.72,255.233,22.14,169.26,46820.0,1,9.807480650397578
4.25,405.2829,26.99,202.4,30705.0,1,19.67195490989697
3.45,763.0106,28.87,213.18,612.0,1,0.48149999999100146
3.51,944.9233,29.26,215.31,306.0,1,3.8058499999859947
3.47,531.0072,8.74,65.41,615.0,1,0.0
3.51,674.9522,26.01,192.52,1114.0,1,1.8761797625160184
3.47,613.0022,27.55,204.33,151.0,1,0.48194999999999766
4.2,844.5977,40.01,294.72,49412.0,1,29.48680456483834
3.49,337.9004,15.28,115.55,632.0,1,0.0
4.66,265.1463,21.56,164.52,1795.0,1,22.584749999998493
3.49,337.2434,25.27,190.75,104.0,1,0.0
3.67,483.2639,29.16,217.48,380.0,1,7.942242236552491
4.54,501.3663,27.5,204.94,22025.0,1,31.492464636525995
4.48,486.1405,27.44,204.66,12090.0,1,11.524891104132216
3.74,930.9328,31.24,229.86,6093.0,1,8.444075400231597
3.51,725.5111,36.17,267.23,820.0,1,0.48194999999999766
3.66,971.2097,43.65,320.84,1712.0,1,19.769995872320536
3.63,337.9004,15.16,114.65,350.0,1,5.304150000000007
3.53,283.8614,22.83,173.66,1139.0,1,0.539999999999992
3.6,323.1502,24.06,181.97,14013.0,1,12.64419999999599
3.54,336.1413,24.66,186.23,2333.0,1,1.075499999999991
3.64,523.6517,26.17,194.82,6891.0,1,0.8437330313794481
3.52,405.2793,27.12,203.37,862.0,1,0.0
4.3,519.367,30.74,228.84,25443.0,1,26.62127339499969
3.54,930.93,31.85,234.4,12937.0,1,1.075499999999991
3.52,726.527,36.29,268.1,275.0,1,0.0
3.52,844.5977,40.42,297.78,17983.0,1,0.0
3.6,375.8598,26.13,196.44,4595.0,1,4.236204842551888
4.45,405.2799,26.97,202.26,72073.0,1,0.8927876167095007
3.55,844.4264,41.12,302.91,1758.0,1,0.535499999999999
2.68,990.1859,43.8,321.84,1075.0,1,45.773924669543646
3.56,232.9198,17.19,132.15,106.0,1,0.5355000000000132
3.5,255.2342,21.68,165.76,233.0,1,7.158675731775217
3.58,294.1308,23.02,174.79,1398.0,1,1.6290286872118978
3.61,294.1308,22.82,173.32,895.0,1,0.0
3.58,350.304,26.16,197.18,5612.0,1,1.6619086547735706
3.75,814.5019,39.24,289.27,4087.0,1,6.536200000001983
3.69,299.0217,21.56,163.65,465.0,1,2.402194094155893
3.58,283.2651,23.3,177.2,1495.0,1,0.5349999999899921
3.57,336.1413,24.67,186.25,989.0,1,0.0
3.61,438.9553,26.67,199.53,980.0,1,3.6964450763462926
3.58,405.2793,26.83,201.23,1318.0,1,0.48149999999100146
3.57,994.9237,30.49,224.16,504.0,1,0.0
3.59,809.4359,38.81,286.1,138.0,1,0.48149999999100146
3.78,818.5983,39.8,293.35,11263.0,1,4.7322966810231835
3.63,224.3932,19.17,147.58,68.0,1,1.445849999999993
4.18,481.3747,28.92,215.73,463.0,1,21.42829375001999
3.89,736.13,36.74,271.3,33548.0,1,5.921139061410081
3.98,248.972,1.32,10.57,15348.0,1,18.18320023558224
3.98,248.972,1.44,11.49,15348.0,1,18.18320023558224
3.98,248.972,1.56,12.4,15348.0,1,18.18320023558224
4.42,268.3345,14.17,108.28,1962.0,1,35.630750000009996
3.75,224.2641,19.21,147.93,139.0,1,9.640800000009008
3.66,255.2312,21.9,167.45,6685.0,1,1.9955094837065321
4.32,463.7574,28.75,214.71,34694.0,1,14.330084020857988
4.88,750.5389,37.61,277.65,21681.0,1,29.38437730184776
3.64,370.9049,17.19,129.48,104.0,1,0.535499999999999
3.7,281.8015,22.78,173.35,8022.0,1,1.3477915392037771
3.63,294.1308,22.72,172.51,269.0,1,0.0
3.71,337.2306,25.39,191.71,4025.0,1,1.9271345032665235
4.05,589.1367,28.09,208.51,487.0,1,21.375724999989004
3.68,980.9273,32.7,240.44,8377.0,1,0.747394668522897
3.94,717.6896,36.12,266.86,50916.0,1,6.423999999990016
3.65,248.972,14.61,112.03,35.0,1,0.0
3.65,323.1502,24.0,181.52,903.0,1,0.0
3.76,337.4768,25.29,190.94,356.0,1,5.746374138793896
3.86,393.1793,25.63,192.42,334.0,1,2.1616647259733055
3.66,980.9382,34.26,251.87,84.0,1,1.901804229294804
3.68,750.5389,37.49,276.77,8428.0,1,3.7454153412668134
4.16,776.5493,38.34,282.84,15645.0,1,16.754119602095116
3.78,248.9775,16.77,128.49,4227.0,1,5.358499999979998
3.69,255.2342,21.91,167.52,48054.0,1,1.7792218716401973
3.68,255.2342,22.35,170.87,20740.0,1,1.4989999999920087
3.87,281.2469,23.22,176.68,10018.0,1,5.786549999982
3.86,332.3929,24.41,184.38,1000.0,1,7.5
3.72,750.5389,37.43,276.3,24590.0,1,2.2753749999899924
3.78,786.3944,38.36,282.91,382.0,1,10.609199999991006
3.87,844.5977,40.56,298.77,22151.0,1,8.677349999991009
4.17,844.5977,40.49,298.23,472240.0,1,23.013315069080914
4.17,248.972,48.39,369.8,34152.0,1,15.918102263788658
3.83,281.7091,22.98,174.83,63645.0,1,2.1314913099843698
3.7,336.1413,24.75,186.91,2025.0,1,1.0704999999900053
3.7,337.2306,25.28,190.85,11396.0,1,1.7544746784504
4.17,405.2793,26.83,201.2,33517.0,1,11.436703385865027
3.7,660.2795,32.9,243.54,4411.0,1,2.48963151100531
3.99,750.5389,37.27,275.09,3357220.0,1,10.143531401829815
4.18,248.9712,13.12,100.65,1116788.0,1,22.875544820179766
3.89,340.2411,15.1,114.16,155.0,1,13.688100000001498
4.0,235.7133,20.9,160.45,288.0,1,33.48303748501391
3.84,282.0076,22.99,174.9,197840.0,1,2.075443409153019
3.81,577.179,26.51,196.87,1150.0,1,4.180699999986004
4.44,477.3229,29.16,217.61,6830.0,1,6.613619292019965
3.7,559.4601,33.42,248.27,42.0,1,0.0
3.72,750.5389,37.25,275.0,10020.0,1,0.9634499999910133
3.85,871.6814,41.85,308.11,2213.0,1,5.304150000000007
4.17,871.6814,42.2,310.66,2502.0,1,22.605132903680502
3.72,255.2342,27.85,212.78,50.0,1,0.0
4.46,700.5229,35.9,265.38,30168.0,1,19.980387369947064
4.67,248.3768,12.85,98.55,181764.0,1,11.069273493694494
3.74,255.2297,21.78,166.51,3027.0,1,0.0
3.74,285.5221,23.52,178.85,1186.0,1,0.0
4.29,405.2811,27.05,202.83,109051.0,1,23.570499999990005
3.99,523.7201,27.45,204.32,1670.0,1,8.364733489950837
3.78,457.1357,28.29,211.33,370.0,1,2.5908806915907285
3.92,479.2985,29.33,218.79,529.0,1,6.349358995428294
3.74,220.1446,19.85,153.01,995.0,1,20.601602542349426
3.86,280.3628,22.9,174.24,63645.0,1,4.939818557400064
3.76,710.0754,35.98,265.88,2938.0,1,0.5349999999900064
3.84,750.5389,37.18,274.48,11979.0,1,0.4547499999914919
2.55,237.9914,15.01,115.34,1288.0,1,68.07326031693898
3.92,291.5946,22.6,171.69,378.0,1,16.85035000001548
3.78,336.1413,24.65,186.11,1835.0,1,0.5405000000099847
3.84,360.4672,25.9,195.05,2125.0,1,2.247415746984429
4.14,774.7774,37.94,279.93,201769.0,1,22.78523042004595
4.29,839.063,39.88,293.79,505620.0,1,15.318776499505903
4.0,244.4344,21.47,164.48,811.0,1,15.403125629179396
3.82,363.2488,26.05,196.13,3490.0,1,0.2677499999999995
3.82,405.2164,27.81,208.59,4740.0,1,1.4752545234020011
3.85,405.2186,27.78,208.33,1472.0,1,0.5337972029082091
3.9,838.3832,32.79,241.67,381.0,1,6.102899999994008
4.38,966.5982,34.6,254.43,11640.0,1,11.058898505996144
4.34,248.9707,13.15,100.84,682745.0,1,10.980663693746875
3.99,237.9968,14.91,114.59,138.0,1,11.782499999999999
3.42,279.2404,21.63,164.64,411.0,1,17.16734676091401
3.81,323.1502,23.9,180.8,459.0,1,0.0
3.89,360.5523,25.9,195.03,276.0,1,2.4088500000090107
3.81,405.2164,27.43,205.71,187.0,1,0.0
3.82,479.2963,29.23,218.05,196.0,1,0.5355000000000132
4.14,655.4121,33.37,247.06,2584.0,1,6.543028529026335
3.81,844.5977,41.09,302.64,1496.0,1,0.0
3.81,871.6814,41.8,307.77,656.0,1,0.0
3.93,265.0753,21.4,163.29,289.0,1,6.316429862292101
4.19,296.3836,23.67,179.68,2283.0,1,17.644589773693472
3.82,336.1476,24.51,185.05,592.0,1,0.0
3.77,360.0098,26.07,196.33,8582.0,1,4.683104185494236
3.84,633.3805,33.99,251.83,400.0,1,1.373926379058928
3.82,691.4008,34.8,257.31,54.0,1,0.0
3.86,750.5389,37.49,276.72,17084.0,1,2.38033089864237
4.16,809.4357,39.21,289.04,22776.0,1,13.169893536191614
3.82,797.6537,38.93,287.06,98.0,1,0.0
3.82,909.6386,43.59,320.69,116.0,1,0.0
3.21,222.4293,19.04,146.66,2222.0,1,73.80866479460857
4.52,250.1457,21.16,161.98,863.0,1,17.952876953115023
3.89,373.8165,25.61,192.63,709.0,1,1.730926313575885
3.84,363.2421,25.75,193.88,249.0,1,0.0
4.24,405.2822,26.95,202.12,65360.0,1,18.452900000008498
3.85,405.283,27.43,205.71,310.0,1,0.48194999999999766
3.91,687.2641,28.07,207.7,176.0,1,2.409300000018007
3.84,617.9807,34.08,252.61,71.0,1,0.0
4.58,776.5488,38.33,282.78,2618.0,1,22.068679178861938
3.97,926.6024,42.45,312.24,745.0,1,8.195400000017983
4.13,381.431,19.12,143.81,913.0,1,23.87249657997047
4.4,404.0853,27.38,205.34,1196.0,1,5.358499999980012
3.92,685.8829,27.56,203.93,1200.0,1,2.6765000000099946
4.62,247.167,12.86,98.67,336440.0,1,14.77430111120341
4.46,264.9654,13.78,105.31,230.0,1,19.41615701781965
4.04,230.8132,20.11,154.57,3418.0,1,12.412086669361031
4.04,360.2896,26.13,196.74,1783.0,1,11.841507812502002
4.1,740.5416,36.68,270.87,521926.0,1,6.637102097489314
4.25,774.5353,38.01,280.41,94360.0,1,12.545352281293075
3.9,337.9004,15.57,117.75,33.0,1,0.0
3.95,265.0784,21.37,163.11,51.0,1,3.3727499999820196
3.9,323.1502,24.01,181.63,1207.0,1,0.0
3.98,724.9454,25.73,190.23,583.0,1,2.0619384915715555
3.77,724.9463,25.75,190.39,204.0,1,12.364465578930423
4.18,404.9693,26.54,199.04,6068.0,1,13.311166756013264
3.9,405.2863,27.12,203.38,5434.0,1,0.535499999999999
3.91,844.5977,11.8,87.27,42.0,1,0.0
4.29,248.9706,12.96,99.44,85329.0,1,13.5
4.47,211.0009,17.16,132.62,2752.0,1,5.65007956880503
3.91,208.9775,18.03,139.42,46.0,1,0.0
4.06,226.8856,20.02,154.07,1423.0,1,15.534999999989992
4.41,265.1463,21.73,165.85,1637.0,1,28.828667894400795
4.46,331.8235,25.54,192.94,12700.0,1,25.66295000000997
4.23,749.9463,27.92,206.22,3914.0,1,21.127632735643054
4.47,463.3028,28.45,212.46,4902.0,1,21.17770937087318
4.2,237.9901,14.97,115.06,577.0,1,23.770501487536336
4.93,210.9981,17.28,133.58,7119.0,1,42.09209574748889
3.93,411.0555,25.15,188.59,737.0,1,0.0
4.31,381.0555,26.29,197.61,177.0,1,24.19359999999149
3.93,726.5363,36.41,268.99,2151.0,1,0.0
4.07,248.9665,16.77,128.49,8910.0,1,6.429500000010009
3.99,242.1736,21.08,161.62,1112.0,1,3.0883691567098563
4.51,250.1426,21.11,161.61,2203.0,1,20.46104551347791
4.28,283.2686,23.37,177.76,42994.0,1,1.854099051452801
4.0,749.9378,25.27,186.74,171.0,1,2.268167699393232
4.1,405.2793,26.56,199.19,2484.0,1,9.182438554152798
3.96,749.944,27.75,205.0,524.0,1,0.48195000000001187
3.96,470.0194,29.06,216.92,704.0,1,0.5355000000000132
3.97,223.0284,19.5,150.23,351.0,1,0.0
3.98,336.1432,24.63,186.01,1890.0,1,0.535499999999999
4.28,749.9739,27.79,205.29,3903.0,1,17.52397595762633
4.05,749.9444,27.91,206.13,2579.0,1,9.903897369103747
4.4,849.573,32.53,239.72,286.0,1,17.03700156250801
4.14,595.4862,33.43,247.98,14896.0,1,14.250299999999982
4.07,242.1767,21.2,162.53,305.0,1,8.574293750010014
4.51,343.6556,24.56,185.32,50193.0,1,20.484090644139844
3.99,405.2793,26.97,202.25,5834.0,1,0.0
4.2,503.5414,27.48,204.77,1417.0,1,1.0704999999900053
3.99,749.9398,27.64,204.15,312.0,1,0.0
3.99,926.6024,42.93,315.78,644.0,1,0.0
4.57,346.8663,15.3,115.6,976.0,1,17.890399999997996
4.53,336.1413,24.64,186.09,4959.0,1,18.05543681216646
4.01,336.1413,24.73,186.74,934.0,1,0.48149999999100146
4.01,749.9398,27.87,205.86,1006.0,1,0.48149999999098725
4.18,749.9463,28.15,207.93,537.0,1,1.7379847160365285
4.02,704.4973,28.18,208.43,164.0,1,0.48149999999098725
4.12,463.3041,28.46,212.55,448.0,1,5.893499999999975
4.02,886.0125,34.3,252.57,4385.0,1,0.955677478739449
4.09,344.8789,15.42,116.51,66.0,1,2.8957499999999783
4.14,323.1502,23.77,179.8,337.0,1,5.702363309517015
4.07,323.1502,23.91,180.82,1234.0,1,2.681999999999988
4.02,336.1413,24.51,185.07,803.0,1,0.0
4.05,704.4604,25.63,189.61,146.0,1,1.6110000000000042
4.03,401.1311,25.87,194.12,71.0,1,0.4864500000089862
4.02,604.4534,34.02,252.26,1845.0,1,0.0
4.11,919.9913,34.35,252.74,1588.0,1,8.627547656252986
4.04,323.1502,23.88,180.64,632.0,1,0.48194999999999766
4.03,330.8082,24.35,184.01,8727.0,1,27.592438814552196
4.04,749.9303,25.15,185.86,82.0,1,0.0
4.46,397.188,26.75,200.71,8645.0,1,8.416041001753884
4.08,749.9448,27.86,205.78,4787.0,1,10.494233973452614
4.04,519.367,30.72,228.69,639.0,1,0.0
4.57,801.5335,39.04,287.86,32863.0,1,8.941299850645484
4.47,318.1652,23.97,181.4,2928.0,1,5.358499999980012
4.5,333.8114,24.61,185.87,21479.0,1,16.312875625276885
4.13,534.8487,24.79,184.49,499.0,1,2.4088500000089823
4.47,325.1816,25.85,195.4,6244.0,1,18.952873926926653
4.12,519.367,30.73,228.78,4152.0,1,3.105000000011998
4.57,248.1117,12.85,98.62,59389.0,1,7.49050003047419
4.12,218.2556,19.29,148.73,117.0,1,3.8547000000089895
4.3,323.1502,24.03,181.76,3781.0,1,9.93938950224846
4.1,331.849,25.02,189.01,1101.0,1,2.677000000019987
4.55,405.2809,27.08,203.11,12156.0,1,6.231709864332037
4.07,749.9465,28.06,207.3,265.0,1,0.0
4.11,900.2845,34.6,254.7,23567.0,1,2.5835270254957448
4.07,776.5464,38.45,283.66,433.0,1,0.0
4.33,818.5871,39.37,290.14,2912.0,1,5.864500000000483
4.09,842.2323,40.58,298.93,41543.0,1,2.4198714862797597
4.13,323.1502,24.04,181.79,1359.0,1,1.472125000019986
4.13,405.2846,27.0,202.47,7372.0,1,8.65649067536845
4.59,590.785,28.68,212.87,2915.0,1,19.870591743830058
4.52,463.3035,28.68,214.21,6102.0,1,17.141000000009967
4.09,844.5977,39.96,294.4,13642.0,1,0.0
4.12,348.8629,15.33,115.78,142.0,1,0.9635000000159977
4.11,585.4254,34.08,252.88,1248.0,1,0.0
4.27,346.8685,15.29,115.49,169.0,1,0.0
4.14,750.5389,16.65,123.19,132.0,1,0.5350000000199913
4.13,844.5977,40.78,300.36,25276.0,1,0.0
4.42,960.8117,43.98,323.28,5730.0,1,11.787499999980014
4.52,986.7475,44.57,327.54,9226.0,1,10.950496912250332
4.13,986.7318,44.5,326.99,54.0,1,0.0
4.15,348.8629,15.27,115.36,74.0,1,0.0
4.63,265.1463,21.71,165.68,4649.0,1,23.822057788888205
4.39,211.0051,17.02,131.57,50.0,1,13.018049999999974
4.35,250.1403,21.1,161.47,1199.0,1,18.2115
4.21,750.5389,37.13,274.12,68559.0,1,13.194073301299394
4.27,236.292,20.4,156.59,1712.0,1,13.034569152526267
4.18,519.367,30.83,229.49,580.0,1,0.0
4.2,519.367,30.71,228.57,1193.0,1,0.8881743680005653
4.37,264.9682,13.82,105.68,252.0,1,9.438534607308963
4.7,294.1351,22.64,171.93,2360.0,1,3.283499999995506
4.2,483.2569,29.05,216.69,316.0,1,0.0
4.63,870.5941,41.58,306.14,412565.0,1,13.027642119826755
4.2,844.628,43.6,321.14,69.0,1,0.0
4.2,750.5294,46.0,339.44,84.0,1,0.0
4.31,323.1502,23.97,181.32,2019.0,1,3.9928918000282363
4.23,585.4254,34.09,252.94,312.0,1,0.9634499999909991
4.4,866.3797,41.1,302.6,39038.0,1,6.964500000000001
4.93,211.0,17.32,133.91,32731.0,1,20.724937436242765
4.24,336.1413,24.69,186.44,2217.0,1,0.5349999999899921
4.55,631.4104,25.77,191.03,201.0,1,16.50760156249801
4.51,405.2793,26.71,200.33,17856.0,1,2.121982031249999
4.25,405.2793,26.83,201.23,5587.0,1,0.9634429687590114
4.5,982.1573,44.25,325.21,120.0,1,8.681399999991015
4.56,211.0,17.3,133.72,2878.0,1,14.46450781247998
4.26,283.2593,23.72,180.39,3942.0,1,0.4819429687680241
4.27,578.1719,25.99,193.06,128.0,1,2.6603607982308315
4.26,365.2631,26.11,196.54,249.0,1,0.4819429687680241
4.38,405.2809,26.92,201.89,11045.0,1,14.78821469714369
4.37,749.946,27.99,206.74,206.0,1,6.268049999999988
4.25,825.0464,31.67,233.51,50.0,1,0.0
4.57,248.972,1.8,14.23,73.0,1,18.32670703124097
4.62,248.972,1.92,15.14,83.0,1,18.32670703124097
4.27,211.0,17.61,136.11,45.0,1,0.0
4.32,236.1045,20.47,157.18,1972.0,1,10.71266826517759
4.81,294.1308,22.74,172.72,798.0,1,5.677997510301891
4.35,320.9455,24.04,181.87,478.0,1,11.197331414800562
4.54,332.0934,25.33,191.32,3242.0,1,13.929007812479966
4.66,311.1679,25.19,190.76,865.0,1,0.5349999999899921
4.4,749.946,27.81,205.39,3854.0,1,4.159357511810231
4.3,336.1413,24.61,185.84,2347.0,1,0.5349843750000218
4.92,265.9717,27.77,211.75,8755.0,1,1.806024955348144
4.47,844.5977,40.03,294.84,100275.0,1,-13.682172102146318
4.75,264.9654,13.9,106.24,5638.0,1,19.28750781248999
4.42,281.9811,14.97,114.06,84.0,1,4.818157031231976
4.35,236.018,20.36,156.34,1026.0,1,11.589255664733953
4.33,327.3993,24.28,183.55,2399.0,1,5.625669038064757
4.32,353.3387,26.11,196.78,93.0,1,0.481957031231957
4.31,858.1797,41.26,303.85,3541.0,1,0.0
4.31,951.2129,43.43,319.29,62.0,1,0.0
4.32,309.2784,24.25,183.76,384.0,1,0.0
4.33,988.7613,44.92,330.05,69.0,1,0.4819429687680099
4.86,210.999,17.33,133.95,36022.0,1,8.309524049782564
4.4,236.1045,20.3,155.88,420.0,1,2.8908070312410246
4.37,987.0411,44.41,326.35,434.0,1,1.7045400498120864
5.69,265.1519,21.53,164.3,176.0,1,54.26025217390712
4.48,294.1359,22.71,172.43,559.0,1,4.822200000000009
4.78,333.3536,24.5,185.06,975.0,1,1.4544000000090023
4.49,928.6116,43.03,316.46,159.0,1,0.48195000000001187
4.37,952.6121,43.33,318.54,217.0,1,2.6992231964460167
4.38,264.9654,13.66,104.4,35.0,1,0.0
4.78,429.4967,27.91,208.89,14828.0,1,0.7481758386296606
4.51,459.3211,32.09,239.66,23245.0,1,1.4940914637695852
4.38,248.972,52.82,403.62,3612.0,1,0.0
4.39,248.972,56.78,433.79,4164.0,1,0.5354999999999848
4.64,235.765,20.37,156.37,316.0,1,0.48194999999998345
4.53,239.5793,13.81,106.13,538.0,1,6.429000000000002
4.58,223.0284,19.46,149.86,657.0,1,11.62562236023304
4.49,405.2863,27.01,202.56,6454.0,1,-1.8541794133394425
4.59,796.4894,38.78,286.0,84461.0,1,10.456642521092872
4.45,870.5663,41.48,305.37,21715.0,1,2.5158499999799915
5.49,958.8393,43.96,323.17,8588.0,1,37.769125548554904
4.53,986.7481,44.44,326.55,410.0,1,6.348750000001502
4.97,248.972,17.78,136.17,140.0,1,1.0723167739334079
4.56,265.1463,21.72,165.73,518.0,1,15.061376790053616
4.44,869.6632,41.61,306.32,14980.0,1,0.5355000000000132
4.87,294.1332,22.65,172.02,485.0,1,5.681474999996993
4.58,465.3051,28.99,216.45,587.0,1,5.304600000009003
4.46,459.312,29.61,221.17,4513.0,1,1.070499999989977
4.68,846.0327,40.74,300.09,180649.0,1,11.63904480406496
4.63,213.0141,17.85,137.88,522.0,1,9.296425000006508
4.48,235.7835,20.42,156.82,770.0,1,1.0704999999900053
4.47,248.972,21.14,161.85,2814.0,1,0.0
4.53,251.5117,21.42,163.9,1767.0,1,15.004500000000007
4.55,405.2793,26.75,200.62,9771.0,1,4.822650000008991
4.48,818.5821,39.74,292.93,4391.0,1,0.48149999999100146
4.56,370.1965,26.31,197.91,142.0,1,3.3772500000180514
4.66,733.1003,37.1,273.98,196784.0,1,13.398500000009989
4.4,745.7271,36.83,271.94,13304.0,1,13.228714988190841
4.59,779.4256,37.9,279.59,51025.0,1,12.595375000012496
4.68,870.6156,41.05,302.23,386843.0,1,9.942977983816156
4.76,860.4214,40.9,301.19,509294.0,1,7.591847229947431
4.5,248.972,7.25,55.82,52.0,1,0.0
4.78,248.9674,13.32,102.13,31172.0,1,9.392179600847193
4.6,248.983,16.75,128.31,2676.0,1,7.5
4.85,211.0,17.3,133.77,3722.0,1,0.5355000000000132
4.55,213.0149,17.77,137.28,235.0,1,2.6820000000000164
4.54,855.1658,40.9,301.19,44219.0,1,15.142008890323831
4.53,870.835,41.59,306.17,13800.0,1,0.9134999999999991
4.61,921.6785,42.94,315.85,362.0,1,1.4185750000199846
4.59,846.617,41.59,306.32,68123.0,1,13.683839742625262
4.54,211.0,17.33,133.99,1219.0,1,0.0
4.61,213.02,17.85,137.88,54.0,1,3.372750000009006
4.54,402.0036,26.54,199.14,1478.0,1,0.0
4.58,844.5977,40.84,300.85,54597.0,1,3.9678981635170683
4.61,206.1674,17.73,137.22,62.0,1,2.4093000000179927
4.57,324.5792,24.08,182.11,503.0,1,0.0
4.6,558.2412,28.6,212.55,501.0,1,0.884968906157954
4.56,844.5977,39.77,292.95,14646.0,1,2.260898319089505
4.84,766.3128,42.27,311.86,56960.0,1,8.575500000000005
4.58,948.7048,43.2,317.64,265.0,1,1.3049792609740007
4.79,248.972,2.04,16.06,55.0,1,10.126800000009013
4.57,248.972,5.81,44.85,46.0,1,0.0
4.57,223.0314,19.57,150.77,65.0,1,0.0
4.6,443.2429,28.31,211.71,882.0,1,1.772073868894432
4.57,921.6946,43.0,316.31,28.0,1,0.0
4.6,226.9916,18.01,138.65,122.0,1,0.5350000000200055
4.59,229.086,19.35,148.82,75.0,1,0.0
4.61,845.0384,40.1,295.38,63122.0,1,3.045200435088135
4.6,945.728,44.07,324.05,435.0,1,0.5350000000200055
4.66,269.1866,22.73,173.28,3598.0,1,13.684308938179642
4.79,597.3491,32.93,244.29,847.0,1,2.960082713536274
4.65,779.8652,32.98,243.36,105.0,1,2.8907999999819936
4.74,870.3332,41.47,305.3,8967.0,1,4.827149999990979
4.84,264.9654,13.84,105.8,1279.0,1,2.31749787591759
4.79,336.1413,24.65,186.16,4871.0,1,7.863473432591788
4.65,405.2793,26.98,202.35,11414.0,1,8.681399999990987
4.63,201.058,31.63,244.75,120.0,1,0.0
4.72,550.7682,32.71,243.06,4330.0,1,5.031542073806628
4.64,597.3431,32.87,243.86,154.0,1,0.48195000000001187
4.63,789.8184,38.32,282.6,2006.0,1,0.0
4.77,967.649,43.48,319.6,87.0,1,7.717949999999973
4.71,248.9693,12.82,98.32,50694.0,1,3.3722999999999956
4.66,250.1457,21.23,162.5,208.0,1,0.5349999999899921
4.65,255.2342,21.99,168.15,777.0,1,0.0
4.65,405.2863,27.22,204.14,11476.0,1,1.7245964085076375
4.73,887.8977,34.27,252.33,1115.0,1,6.9690000000000225
4.67,817.5052,39.59,291.8,3487.0,1,6.9690000000000225
4.66,250.1403,21.03,160.94,97.0,1,0.0
4.72,497.8037,28.43,211.87,646.0,1,1.8680897261420124
4.71,865.6576,34.04,250.76,312.0,1,3.7575000000000216
4.7,646.6054,36.16,267.73,8094.0,1,8.174207052088997
4.7,796.5755,38.24,281.99,4430.0,1,1.0704999999900053
4.69,796.5755,38.52,284.06,1631.0,1,0.48195000000001187
4.86,972.9576,44.48,326.9,4076.0,1,3.760322782598644
4.68,846.617,47.55,350.2,66.0,1,0.0
4.71,248.972,13.42,102.89,44672.0,1,12.938658030824161
4.71,755.7037,37.37,275.85,2132.0,1,0.9634499999909849
4.96,284.9564,14.61,111.32,380.0,1,5.100772564175425
4.72,403.2568,26.95,202.17,5360.0,1,1.6093333333333344
4.82,405.2793,27.1,203.24,6968.0,1,7.6121000000100025
4.72,463.3102,28.87,215.58,101.0,1,0.0
4.82,970.2768,37.2,273.5,1467.0,1,0.0
4.76,796.5755,38.42,283.3,4877.0,1,7.50777783748297
4.74,255.2301,22.12,169.1,1153.0,1,0.0
4.79,294.1368,22.52,171.02,89.0,1,4.345200000018053
4.74,597.3469,33.06,245.24,37.0,1,0.0
4.75,646.6054,36.05,266.95,1385.0,1,0.963450000018014
4.75,248.6139,12.85,98.59,31711.0,1,0.0
4.97,337.9016,15.47,117.0,7782.0,1,1.9672157295823696
4.83,680.9503,25.72,190.34,934.0,1,6.198775433398964
4.75,423.4126,28.33,212.15,138.0,1,0.0
4.77,211.0,17.53,135.47,714.0,1,0.0
4.79,942.6671,42.88,315.33,42.0,1,0.9728999999910002
4.98,471.9366,16.0,119.65,12119.0,1,6.2474179883969265
4.79,257.118,21.02,160.68,44.0,1,0.0
4.79,285.1201,23.01,174.97,1131.0,1,0.0
4.46,345.0966,25.73,194.05,506.0,1,21.524965926664677
4.9,479.3039,29.39,219.24,672.0,1,5.815384927656699
4.79,942.6511,42.88,315.33,23.0,1,0.0
4.84,337.9018,15.32,115.83,1028.0,1,2.293564316191248
4.81,368.3918,26.43,198.85,192.0,1,0.0
4.86,816.4419,27.72,204.45,566.0,1,3.7469999999999857
4.81,465.3152,29.11,217.34,24.0,1,0.0
4.82,873.0638,42.46,312.58,163.0,1,0.9634499999909849
5.95,284.9564,14.61,111.32,342.0,1,32.29362010900617
4.89,337.9044,15.28,115.54,352.0,1,4.336650000008973
4.71,405.2793,27.0,202.47,4836.0,1,7.295026930699385
4.82,479.3039,29.23,218.05,49.0,1,0.0
4.84,819.0334,39.63,292.08,340.0,1,2.890800000008994
4.74,846.1086,40.27,296.6,23928.0,1,6.747417067315701
4.91,294.1368,22.58,171.49,46.0,1,3.3727500000089776
4.84,519.367,30.7,228.56,1693.0,1,2.753012406172025
4.87,303.8923,13.54,102.86,50.0,1,0.4815000000180305
4.97,284.9564,14.33,109.19,1168.0,1,3.5869250000069712
4.86,248.9665,16.77,128.49,4722.0,1,0.0
5.0,560.8653,18.88,140.46,2157.0,1,4.316252871395272
4.88,744.9321,25.8,190.67,70.0,1,0.963450000018014
4.86,419.9849,26.93,201.73,1218.0,1,1.401980826604203
4.93,405.2793,27.28,204.61,1375.0,1,3.4799999999999613
4.46,717.736,37.49,276.98,4342.0,1,26.57094103959448
4.88,873.589,41.92,308.64,661.0,1,3.372750000009006
4.14,248.972,13.03,99.97,491590.0,1,21.46364331439747
5.02,284.9564,14.3,108.97,5679.0,1,9.270939050472284
4.88,560.8653,18.86,140.34,93.0,1,0.0
4.88,229.094,19.46,149.71,46.0,1,0.0
4.9,761.6671,37.73,278.46,338.0,1,2.4092999999909637
4.92,765.3462,38.07,280.92,2430.0,1,2.6769999999899596
4.92,424.2845,18.85,141.33,431.0,1,1.070499999989977
4.9,334.3572,24.57,185.59,841.0,1,0.0
4.9,849.1199,40.51,298.4,8665.0,1,0.0
4.92,432.5583,16.35,122.54,175.0,1,0.9634499999910133
4.94,336.1413,24.69,186.46,601.0,1,1.6455166097778857
4.93,744.9613,25.81,190.73,45.0,1,0.9634499999910133
4.93,405.2793,27.31,204.81,138.0,1,1.3051616445821728
4.94,727.6063,37.85,279.58,344.0,1,1.900599999991499
4.93,336.1413,24.4,184.27,223.0,1,0.0
4.96,844.9408,27.75,204.59,147.0,1,2.2656516514006566
4.93,894.9289,28.46,209.6,88.0,1,0.0
4.98,462.5265,15.95,119.31,4158.0,1,1.5756760654042097
4.95,248.9775,16.77,128.49,966.0,1,0.0
4.95,255.2286,22.34,170.78,108.0,1,0.0
4.98,775.6082,38.91,287.03,360.0,1,1.5577605997213817
4.99,248.972,18.46,141.41,137.0,1,0.0
4.98,866.8499,41.05,302.27,5527.0,1,0.48194999999998345
4.99,284.9564,14.25,108.59,696.0,1,0.0
4.99,646.6054,35.82,265.18,23.0,1,0.0
4.99,857.6353,40.04,294.89,1056.0,1,0.0
